I111,BIO F215,BIOPHYSICS,28,28,28,09-05-22|9:00|12:00,FULL
J119,BIO F241,ECOLOGY & ENVIRON SCI,28,24,48,19-05-22|9:00|12:00,FULL
J120,BIO F241,ECOLOGY & ENVIRON SCI,28,24,48,19-05-22|9:00|12:00,FULL
I211,BIO F242,INTRO TO BIOINFORMATICS,28,24,47,11-05-22|14:00|17:00,FULL
I212,BIO F242,INTRO TO BIOINFORMATICS,28,23,47,11-05-22|14:00|17:00,FULL
J107,BIO F243,GENETICS,28,24,49,17-05-22|14:00|17:00,FULL
J115,BIO F243,GENETICS,28,25,49,17-05-22|14:00|17:00,FULL
F107,BIO F244,INSTRU METHODS OF ANAL,53,47,47,07-05-22|14:00|17:00,FULL
F208,BIO F341,DEVELOPMENTAL BIOLOGY,60,39,39,14-05-22|9:00|12:00,FULL
I111,BIO F342,IMMUNOLOGY,28,20,41,21-05-22|9:00|12:00,FULL
I112,BIO F342,IMMUNOLOGY,28,21,41,21-05-22|9:00|12:00,FULL
G205,BIO F421,ENZYMOLOGY,37,13,13,11-05-22|9:00|12:00,FULL
G208,BIO F451,BIOPROCESS TECHNOLOGY,42,42,64,10-05-22|14:00|17:00,FULL
I111,BIO F451,BIOPROCESS TECHNOLOGY,28,22,64,10-05-22|14:00|17:00,FULL
F205,BIO G523,ADV & APPLIED MICROBIO,40,15,15,12-05-22|9:00|12:00,FULL
G106,BIO G532,BIOSTATISTICS & BIOMODEL,37,11,11,14-05-22|9:00|12:00,FULL
G205,BIO G542,ADVANCED CELL MOLE BIO,37,19,19,17-05-22|9:00|12:00,FULL
F202,BIO G643,PLANT BIOTECHNOLOGY,28,14,14,20-05-22|9:00|12:00,FULL
G108,BIOT F346,GENOMICS,42,42,42,06-05-22|14:00|17:00,FULL
I210,BIOT F422,NANOBIOTECHNOLOGY,28,9,9,19-05-22|14:00|17:00,FULL
J119,BITS F219,PROCESS ENGINEERING,28,20,38,06-05-22|9:00|12:00,FULL
J120,BITS F219,PROCESS ENGINEERING,28,18,38,06-05-22|9:00|12:00,FULL
F107,BITS F225,ENVIRONMENTAL STUDIES,53,53,531,13-05-22|14:00|17:00,FULL
F108,BITS F225,ENVIRONMENTAL STUDIES,54,54,531,13-05-22|14:00|17:00,FULL
F109,BITS F225,ENVIRONMENTAL STUDIES,36,36,531,13-05-22|14:00|17:00,FULL
F201,BITS F225,ENVIRONMENTAL STUDIES,28,28,531,13-05-22|14:00|17:00,FULL
F202,BITS F225,ENVIRONMENTAL STUDIES,28,28,531,13-05-22|14:00|17:00,FULL
F203,BITS F225,ENVIRONMENTAL STUDIES,28,28,531,13-05-22|14:00|17:00,FULL
F204,BITS F225,ENVIRONMENTAL STUDIES,28,28,531,13-05-22|14:00|17:00,FULL
F205,BITS F225,ENVIRONMENTAL STUDIES,40,40,531,13-05-22|14:00|17:00,FULL
F207,BITS F225,ENVIRONMENTAL STUDIES,55,55,531,13-05-22|14:00|17:00,FULL
F208,BITS F225,ENVIRONMENTAL STUDIES,60,60,531,13-05-22|14:00|17:00,FULL
G101,BITS F225,ENVIRONMENTAL STUDIES,40,40,531,13-05-22|14:00|17:00,FULL
G102,BITS F225,ENVIRONMENTAL STUDIES,37,30,531,13-05-22|14:00|17:00,FULL
G103,BITS F225,ENVIRONMENTAL STUDIES,37,30,531,13-05-22|14:00|17:00,FULL
G104,BITS F225,ENVIRONMENTAL STUDIES,37,21,531,13-05-22|14:00|17:00,FULL
I112,BITS F312,NEURAL NET & FUZZY LOGIC,28,23,45,10-05-22|14:00|17:00,FULL
I113,BITS F312,NEURAL NET & FUZZY LOGIC,28,22,45,10-05-22|14:00|17:00,FULL
G201,BITS F314,GAME THEORY AND ITS APPLICATIO,37,40,135,23-05-22|9:00|12:00,FULL
G202,BITS F314,GAME THEORY AND ITS APPLICATIO,42,35,135,23-05-22|9:00|12:00,FULL
G103,BITS F314,GAME THEORY AND ITS APPLICATIO,40,40,135,23-05-22|9:00|12:00,FULL
G102,BITS F314,GAME THEORY AND ITS APPLICATIO,37,20,135,23-05-22|9:00|12:00,FULL
G108,BITS F319,NEGOTIATION SKILLS AND TECHNIQ,42,29,29,17-05-22|9:00|12:00,FULL
I111,BITS F327,ARTIFICIAL INTELLIGENCE FOR RO,28,11,11,17-05-22|9:00|12:00,FULL
G102,BITS F399,HUM THEO OF SC & TECH,37,30,95,09-05-22|14:00|17:00,FULL
G101,BITS F399,HUM THEO OF SC & TECH,40,35,95,09-05-22|14:00|17:00,FULL
I111,BITS F415,INTRODUCTION TO MEMS,28,23,23,19-05-22|14:00|17:00,FULL
G105,BITS F428,ESSENTIALS OF STRATE MGT,37,26,26,09-05-22|14:00|17:00,FULL
G202,BITS F441,ROBOTICS,37,15,15,06-05-22|14:00|17:00,FULL
G202,BITS F442,REMOTE SENS & IMAGE PROC,37,26,26,17-05-22|9:00|12:00,FULL
I113,BITS F462,RENEWABLE ENERGY,28,15,15,19-05-22|14:00|17:00,FULL
F205,BITS F463,CRYPTOGRAPHY,40,40,172,19-05-22|14:00|17:00,FULL
F207,BITS F463,CRYPTOGRAPHY,55,55,172,19-05-22|14:00|17:00,FULL
F208,BITS F463,CRYPTOGRAPHY,60,60,172,19-05-22|14:00|17:00,FULL
G207,BITS F463,CRYPTOGRAPHY,40,17,172,19-05-22|14:00|17:00,FULL
F107,BITS F464,MACHINE LEARNING,53,53,199,17-05-22|9:00|12:00,FULL
F108,BITS F464,MACHINE LEARNING,54,54,199,17-05-22|9:00|12:00,FULL
F109,BITS F464,MACHINE LEARNING,36,36,199,17-05-22|9:00|12:00,FULL
F201,BITS F464,MACHINE LEARNING,28,28,199,17-05-22|9:00|12:00,FULL
F202,BITS F464,MACHINE LEARNING,28,28,199,17-05-22|9:00|12:00,FULL
G105,BITS G661,RESEARCH METHODOLOGY I,37,2,2,14-05-22|9:00|12:00,FULL
I212,CE F241,ANALYSIS OF STRUCTURES,28,20,61,19-05-22|9:00|12:00,FULL
I213,CE F241,ANALYSIS OF STRUCTURES,28,20,61,19-05-22|9:00|12:00,FULL
I221,CE F241,ANALYSIS OF STRUCTURES,28,21,61,19-05-22|9:00|12:00,FULL
I213,CE F242,CONSTRUCTION PLAN & TECH,28,20,60,06-05-22|9:00|12:00,FULL
I221,CE F242,CONSTRUCTION PLAN & TECH,28,20,60,06-05-22|9:00|12:00,FULL
I222,CE F242,CONSTRUCTION PLAN & TECH,28,20,60,06-05-22|9:00|12:00,FULL
I114,CE F243,SOIL MECHANICS,28,20,60,11-05-22|14:00|17:00,FULL
I122,CE F243,SOIL MECHANICS,28,20,60,11-05-22|14:00|17:00,FULL
I210,CE F243,SOIL MECHANICS,28,20,60,11-05-22|14:00|17:00,FULL
I210,CE F244,HIGHWAY ENGINEERING,28,20,60,17-05-22|14:00|17:00,FULL
I211,CE F244,HIGHWAY ENGINEERING,28,20,60,17-05-22|14:00|17:00,FULL
I212,CE F244,HIGHWAY ENGINEERING,28,20,60,17-05-22|14:00|17:00,FULL
J121,CE F320,DESIGN OF REINFORCED CONCRETE,28,1,1,17-05-22|14:00|17:00,FULL
J107,CE F321,ENGINEERING HYDROLOGY,28,28,83,18-05-22|14:00|17:00,FULL
J115,CE F321,ENGINEERING HYDROLOGY,28,28,83,18-05-22|14:00|17:00,FULL
J119,CE F321,ENGINEERING HYDROLOGY,28,27,83,18-05-22|14:00|17:00,FULL
G206,CE F342,WATER & WASTEWATER TREAT,37,28,83,12-05-22|14:00|17:00,FULL
G207,CE F342,WATER & WASTEWATER TREAT,37,28,83,12-05-22|14:00|17:00,FULL
G208,CE F342,WATER & WASTEWATER TREAT,42,27,83,12-05-22|14:00|17:00,FULL
I111,CE F343,DES OF STEEL STRUCTURES,28,28,80,23-05-22|9:00|12:00,FULL
I112,CE F343,DES OF STEEL STRUCTURES,28,28,80,23-05-22|9:00|12:00,FULL
I113,CE F343,DES OF STEEL STRUCTURES,28,24,80,23-05-22|9:00|12:00,FULL
G202,CE F415,DES OF PREST CONC STRUCT,28,31,31,10-05-22|14:00|17:00,FULL
D208A,CE F416,COMP APPL IN CIVIL ENGG,42,5,5,11-05-22|9:00|12:00,FULL
F208,CE F425,AIRPORT RAIL & WATERWAYS,60,58,58,06-05-22|14:00|17:00,FULL
G103,CE F426,GEOSYN & REIN SOIL STR,42,21,21,06-05-22|14:00|17:00,FULL
D208,CE F432,STRUCTURAL DYNAMICS,37,37,37,09-05-22|14:00|17:00,FULL
I112,CE F435,INTRODUCTION TO FEM,28,16,16,19-05-22|14:00|17:00,FULL
F205,CE G518,PAVEMENT ANALYSIS & DES,40,15,15,07-05-22|9:00|12:00,FULL
F203,CE G566,PUBLIC TRANSPORTATION,28,15,15,10-05-22|9:00|12:00,FULL
F204,CE G570,HIGHWAY CONSTRUCTION TECHNOLOG,28,15,15,12-05-22|9:00|12:00,FULL
G107,CE G575,FREIGHT TRANSPORTATION,37,15,15,14-05-22|9:00|12:00,FULL
G203,CE G613,ADV CONCRETE STRUCTURES,37,20,20,17-05-22|9:00|12:00,FULL
F202,CE G615,EARTHQUAKE ENGINEERING,28,20,20,10-05-22|9:00|12:00,FULL
F201,CE G616,BRIDGE ENGINEERING,28,21,21,20-05-22|9:00|12:00,FULL
I222,CHE F241,HEAT TRANSFER,28,20,60,19-05-22|9:00|12:00,FULL
J107,CHE F241,HEAT TRANSFER,28,20,60,19-05-22|9:00|12:00,FULL
J115,CHE F241,HEAT TRANSFER,28,20,60,19-05-22|9:00|12:00,FULL
I111,CHE F242,NUM METHOD FOR CHEM ENGG,28,20,61,11-05-22|14:00|17:00,FULL
I112,CHE F242,NUM METHOD FOR CHEM ENGG,28,20,61,11-05-22|14:00|17:00,FULL
I113,CHE F242,NUM METHOD FOR CHEM ENGG,28,21,61,11-05-22|14:00|17:00,FULL
I213,CHE F243,MATERIAL SCIENCE & ENGG,28,20,59,17-05-22|14:00|17:00,FULL
I221,CHE F243,MATERIAL SCIENCE & ENGG,28,20,59,17-05-22|14:00|17:00,FULL
I222,CHE F243,MATERIAL SCIENCE & ENGG,28,19,59,17-05-22|14:00|17:00,FULL
I210,CHE F244,SEPARATION PROCESSES I,28,20,61,06-05-22|9:00|12:00,FULL
I211,CHE F244,SEPARATION PROCESSES I,28,20,61,06-05-22|9:00|12:00,FULL
I212,CHE F244,SEPARATION PROCESSES I,28,21,61,06-05-22|9:00|12:00,FULL
J120,CHE F342,PROCESS DYN & CONTROL,28,28,76,18-05-22|14:00|17:00,FULL
J121,CHE F342,PROCESS DYN & CONTROL,28,28,76,18-05-22|14:00|17:00,FULL
J206,CHE F342,PROCESS DYN & CONTROL,28,20,76,18-05-22|14:00|17:00,FULL
I211,CHE F343,PROCESS DES PRINCIPLE II,28,28,75,23-05-22|9:00|12:00,FULL
I212,CHE F343,PROCESS DES PRINCIPLE II,28,28,75,23-05-22|9:00|12:00,FULL
I213,CHE F343,PROCESS DES PRINCIPLE II,28,19,75,23-05-22|9:00|12:00,FULL
D208,CHE F418,MODEL & SIMU IN CHE ENGG,37,37,37,11-05-22|9:00|12:00,FULL
F207,CHE F419,CHEMICAL PROCESS TECH,55,52,52,06-05-22|14:00|17:00,FULL
G106,CHE F433,CORROSION ENGINEERING,37,37,60,17-05-22|9:00|12:00,FULL
G107,CHE F433,CORROSION ENGINEERING,37,23,60,17-05-22|9:00|12:00,FULL
G205,CHE F498,COLLOIDS AND INTERFACE ENGINEE,37,35,35,19-05-22|14:00|17:00,FULL
F207,CHE G532,ALTERNATE ENER RESOURCES,55,8,8,07-05-22|9:00|12:00,FULL
F204,CHE G552,ADV TRANSPORT PHENOMENA,28,3,3,10-05-22|9:00|12:00,FULL
G101,CHE G641,REACTION ENGINEERING,60,2,2,12-05-22|9:00|12:00,FULL
J218,CHEM F223,COLLOID & SURFACE CHEM,28,17,17,23-05-22|9:00|12:00,FULL
I213,CHEM F241,INORGANIC CHEMISTRY II,28,21,42,11-05-22|14:00|17:00,FULL
I221,CHEM F241,INORGANIC CHEMISTRY II,28,21,42,11-05-22|14:00|17:00,FULL
J121,CHEM F243,ORGANIC CHEMISTRY II,28,21,42,19-05-22|9:00|12:00,FULL
J206,CHEM F243,ORGANIC CHEMISTRY II,28,21,42,19-05-22|9:00|12:00,FULL
J107,CHEM F244,PHYSICAL CHEMISTRY III,28,22,44,06-05-22|9:00|12:00,FULL
J115,CHEM F244,PHYSICAL CHEMISTRY III,28,22,44,06-05-22|9:00|12:00,FULL
F108,CHEM F327,ELECTROCHEM FUNDA & APPL,54,16,16,07-05-22|14:00|17:00,FULL
F201,CHEM F329,ANALYTICAL CHEMISTRY,28,10,10,07-05-22|14:00|17:00,FULL
G207,CHEM F342,ORGANIC CHEMISTRY IV,37,25,51,21-05-22|9:00|12:00,FULL
G208,CHEM F342,ORGANIC CHEMISTRY IV,42,26,51,21-05-22|9:00|12:00,FULL
F207,CHEM F343,INORGANIC CHEMISTRY III,55,51,51,14-05-22|9:00|12:00,FULL
I111,CHEM F412,PHOTOCHEM & LASER SPECTR,28,4,4,11-05-22|9:00|12:00,FULL
I122,CHEM F414,BIO & CHEMICAL SENSORS,28,9,9,19-05-22|14:00|17:00,FULL
I112,CHEM G531,RECENT ADVANCES IN CHEM,28,5,5,09-05-22|9:00|12:00,FULL
G206,CHEM G551,ADV ORGANIC CHEMISTRY,37,4,4,06-05-22|14:00|17:00,FULL
J219,CHEM G552,ADV INORGANIC CHEMISTRY,28,6,6,23-05-22|9:00|12:00,FULL
F207,CHEM G561,HETROCYCLIC CHEMISTRY,55,3,3,20-05-22|9:00|12:00,FULL
G101,CS F211,DATA STRUCTURES & ALGO,40,40,267,17-05-22|14:00|17:00,FULL
G102,CS F211,DATA STRUCTURES & ALGO,37,37,267,17-05-22|14:00|17:00,FULL
G103,CS F211,DATA STRUCTURES & ALGO,37,37,267,17-05-22|14:00|17:00,FULL
G104,CS F211,DATA STRUCTURES & ALGO,37,37,267,17-05-22|14:00|17:00,FULL
G105,CS F211,DATA STRUCTURES & ALGO,37,37,267,17-05-22|14:00|17:00,FULL
G106,CS F211,DATA STRUCTURES & ALGO,37,37,267,17-05-22|14:00|17:00,FULL
G108,CS F211,DATA STRUCTURES & ALGO,42,42,267,17-05-22|14:00|17:00,FULL
G101,CS F212,DATABASE SYSTEMS,40,40,270,19-05-22|9:00|12:00,FULL
G102,CS F212,DATABASE SYSTEMS,37,35,270,19-05-22|9:00|12:00,FULL
G103,CS F212,DATABASE SYSTEMS,37,35,270,19-05-22|9:00|12:00,FULL
G104,CS F212,DATABASE SYSTEMS,37,35,270,19-05-22|9:00|12:00,FULL
G105,CS F212,DATABASE SYSTEMS,37,35,270,19-05-22|9:00|12:00,FULL
G106,CS F212,DATABASE SYSTEMS,37,30,270,19-05-22|9:00|12:00,FULL
G107,CS F212,DATABASE SYSTEMS,37,30,270,19-05-22|9:00|12:00,FULL
G108,CS F212,DATABASE SYSTEMS,42,30,270,19-05-22|9:00|12:00,FULL
F107,CS F213,OBJECT ORIENTED PROG,53,53,250,11-05-22|9:00|12:00,FULL
F108,CS F213,OBJECT ORIENTED PROG,54,54,250,11-05-22|9:00|12:00,FULL
F109,CS F213,OBJECT ORIENTED PROG,36,36,250,11-05-22|9:00|12:00,FULL
F201,CS F213,OBJECT ORIENTED PROG,28,28,250,11-05-22|9:00|12:00,FULL
F202,CS F213,OBJECT ORIENTED PROG,28,28,250,11-05-22|9:00|12:00,FULL
F203,CS F213,OBJECT ORIENTED PROG,28,28,250,11-05-22|9:00|12:00,FULL
F204,CS F213,OBJECT ORIENTED PROG,28,23,250,11-05-22|9:00|12:00,FULL
F107,CS F303,COMPUTER NETWORKS,53,53,250,09-05-22|9:00|12:00,FULL
F108,CS F303,COMPUTER NETWORKS,54,54,250,09-05-22|9:00|12:00,FULL
F109,CS F303,COMPUTER NETWORKS,36,36,250,09-05-22|9:00|12:00,FULL
F201,CS F303,COMPUTER NETWORKS,28,28,250,09-05-22|9:00|12:00,FULL
F202,CS F303,COMPUTER NETWORKS,28,28,250,09-05-22|9:00|12:00,FULL
F203,CS F303,COMPUTER NETWORKS,28,28,250,09-05-22|9:00|12:00,FULL
F204,CS F303,COMPUTER NETWORKS,28,23,250,09-05-22|9:00|12:00,FULL
F107,CS F342,COMPUTER ARCHITECTURE,53,53,85,06-05-22|14:00|17:00,FULL
F109,CS F342,COMPUTER ARCHITECTURE,36,32,85,06-05-22|14:00|17:00,FULL
G101,CS F363,COMPILER CONSTRUCTION,40,40,250,12-05-22|14:00|17:00,FULL
G102,CS F363,COMPILER CONSTRUCTION,37,37,250,12-05-22|14:00|17:00,FULL
G103,CS F363,COMPILER CONSTRUCTION,37,37,250,12-05-22|14:00|17:00,FULL
G104,CS F363,COMPILER CONSTRUCTION,37,37,250,12-05-22|14:00|17:00,FULL
G105,CS F363,COMPILER CONSTRUCTION,37,37,250,12-05-22|14:00|17:00,FULL
G106,CS F363,COMPILER CONSTRUCTION,37,37,250,12-05-22|14:00|17:00,FULL
G107,CS F363,COMPILER CONSTRUCTION,37,25,250,12-05-22|14:00|17:00,FULL
F107,CS F364,DESIGN & ANAL OF ALGO,53,53,251,18-05-22|14:00|17:00,FULL
F108,CS F364,DESIGN & ANAL OF ALGO,54,54,251,18-05-22|14:00|17:00,FULL
F109,CS F364,DESIGN & ANAL OF ALGO,36,36,251,18-05-22|14:00|17:00,FULL
F201,CS F364,DESIGN & ANAL OF ALGO,28,28,251,18-05-22|14:00|17:00,FULL
F202,CS F364,DESIGN & ANAL OF ALGO,28,28,251,18-05-22|14:00|17:00,FULL
F203,CS F364,DESIGN & ANAL OF ALGO,28,28,251,18-05-22|14:00|17:00,FULL
F204,CS F364,DESIGN & ANAL OF ALGO,28,24,251,18-05-22|14:00|17:00,FULL
F107,CS F372,OPERATING SYSTEMS,53,53,248,19-05-22|14:00|17:00,FULL
F108,CS F372,OPERATING SYSTEMS,54,54,248,19-05-22|14:00|17:00,FULL
F109,CS F372,OPERATING SYSTEMS,36,36,248,19-05-22|14:00|17:00,FULL
F201,CS F372,OPERATING SYSTEMS,28,28,248,19-05-22|14:00|17:00,FULL
F202,CS F372,OPERATING SYSTEMS,28,28,248,19-05-22|14:00|17:00,FULL
F203,CS F372,OPERATING SYSTEMS,28,28,248,19-05-22|14:00|17:00,FULL
F204,CS F372,OPERATING SYSTEMS,28,21,248,19-05-22|14:00|17:00,FULL
F108,CS F407,ARTIFICIAL INTELLIGENCE,55,50,71,06-05-22|14:00|17:00,FULL
F201,CS F407,ARTIFICIAL INTELLIGENCE,28,21,71,06-05-22|14:00|17:00,FULL
F205,CS F415,DATA MINING,40,40,150,10-05-22|14:00|17:00,FULL
F207,CS F415,DATA MINING,55,55,150,10-05-22|14:00|17:00,FULL
F208,CS F415,DATA MINING,60,55,150,10-05-22|14:00|17:00,FULL
J214,CS F441,SEL TOPICS FROM COMP SC,28,28,37,23-05-22|9:00|12:00,FULL
J217,CS F441,SEL TOPICS FROM COMP SC,28,9,37,23-05-22|9:00|12:00,FULL
F205,CS F469,INFORMATION RETRIEVAL,40,40,171,11-05-22|9:00|12:00,FULL
F207,CS F469,INFORMATION RETRIEVAL,55,55,171,11-05-22|9:00|12:00,FULL
F208,CS F469,INFORMATION RETRIEVAL,60,50,171,11-05-22|9:00|12:00,FULL
G207,CS F469,INFORMATION RETRIEVAL,37,26,171,11-05-22|9:00|12:00,FULL
F208,CS G513,NETWORK SECURITY,60,55,55,07-05-22|9:00|12:00,FULL
F201,CS G516,ADVANCED DATABASE SYSTEMS,28,25,25,10-05-22|9:00|12:00,FULL
F109,CS G520,ADVANCED DATA MINING,36,31,31,12-05-22|9:00|12:00,FULL
G101,CS G523,SOFTWARE FOR EMBEDDE SYS,28,29,29,07-05-22|9:00|12:00,FULL
F108,CS G524,ADV COMPUTER ARCHITECTUR,28,53,53,14-05-22|9:00|12:00,FULL
F107,CS/ECE/EEE/INSTR F241,MICROPROC & INTERFACING,53,53,663,06-05-22|9:00|12:00,FULL
F108,CS/ECE/EEE/INSTR F241,MICROPROC & INTERFACING,54,54,663,06-05-22|9:00|12:00,FULL
F109,CS/ECE/EEE/INSTR F241,MICROPROC & INTERFACING,36,36,663,06-05-22|9:00|12:00,FULL
F201,CS/ECE/EEE/INSTR F241,MICROPROC & INTERFACING,28,28,663,06-05-22|9:00|12:00,FULL
F202,CS/ECE/EEE/INSTR F241,MICROPROC & INTERFACING,28,28,663,06-05-22|9:00|12:00,FULL
F203,CS/ECE/EEE/INSTR F241,MICROPROC & INTERFACING,28,28,663,06-05-22|9:00|12:00,FULL
F204,CS/ECE/EEE/INSTR F241,MICROPROC & INTERFACING,28,28,663,06-05-22|9:00|12:00,FULL
F205,CS/ECE/EEE/INSTR F241,MICROPROC & INTERFACING,40,40,663,06-05-22|9:00|12:00,FULL
F207,CS/ECE/EEE/INSTR F241,MICROPROC & INTERFACING,55,55,663,06-05-22|9:00|12:00,FULL
F208,CS/ECE/EEE/INSTR F241,MICROPROC & INTERFACING,60,60,663,06-05-22|9:00|12:00,FULL
G101,CS/ECE/EEE/INSTR F241,MICROPROC & INTERFACING,40,40,663,06-05-22|9:00|12:00,FULL
G102,CS/ECE/EEE/INSTR F241,MICROPROC & INTERFACING,37,37,663,06-05-22|9:00|12:00,FULL
G103,CS/ECE/EEE/INSTR F241,MICROPROC & INTERFACING,37,37,663,06-05-22|9:00|12:00,FULL
G104,CS/ECE/EEE/INSTR F241,MICROPROC & INTERFACING,37,37,663,06-05-22|9:00|12:00,FULL
G105,CS/ECE/EEE/INSTR F241,MICROPROC & INTERFACING,37,37,663,06-05-22|9:00|12:00,FULL
G106,CS/ECE/EEE/INSTR F241,MICROPROC & INTERFACING,37,37,663,06-05-22|9:00|12:00,FULL
G107,CS/ECE/EEE/INSTR F241,MICROPROC & INTERFACING,37,28,663,06-05-22|9:00|12:00,FULL
F201,DE G513,TRIBOLOGY,28,24,24,12-05-22|9:00|12:00,FULL
F107,DE G514,FRACTURE MECHANICS,53,18,18,18-05-22|9:00|12:00,FULL
G104,ECE F343,COMMUNICATION NETWORKS,37,37,170,09-05-22|9:00|12:00,FULL
G105,ECE F343,COMMUNICATION NETWORKS,37,37,170,09-05-22|9:00|12:00,FULL
G106,ECE F343,COMMUNICATION NETWORKS,37,37,170,09-05-22|9:00|12:00,FULL
G107,ECE F343,COMMUNICATION NETWORKS,37,37,170,09-05-22|9:00|12:00,FULL
G108,ECE F343,COMMUNICATION NETWORKS,37,22,170,09-05-22|9:00|12:00,FULL
G103,ECE F344,INFO THEORY & CODING,37,37,167,18-05-22|14:00|17:00,FULL
G104,ECE F344,INFO THEORY & CODING,37,37,167,18-05-22|14:00|17:00,FULL
G105,ECE F344,INFO THEORY & CODING,37,37,167,18-05-22|14:00|17:00,FULL
G106,ECE F344,INFO THEORY & CODING,37,37,167,18-05-22|14:00|17:00,FULL
G107,ECE F344,INFO THEORY & CODING,37,19,167,18-05-22|14:00|17:00,FULL
G206,ECE/EEE F416,DIGITAL COMMUNICATION,37,13,13,17-05-22|9:00|12:00,FULL
F107,ECE/EEE/INSTR F242,CONTROL SYSTEMS,53,53,433,11-05-22|14:00|17:00,FULL
F108,ECE/EEE/INSTR F242,CONTROL SYSTEMS,54,54,433,11-05-22|14:00|17:00,FULL
F109,ECE/EEE/INSTR F242,CONTROL SYSTEMS,36,36,433,11-05-22|14:00|17:00,FULL
F201,ECE/EEE/INSTR F242,CONTROL SYSTEMS,28,28,433,11-05-22|14:00|17:00,FULL
F202,ECE/EEE/INSTR F242,CONTROL SYSTEMS,28,28,433,11-05-22|14:00|17:00,FULL
F203,ECE/EEE/INSTR F242,CONTROL SYSTEMS,28,28,433,11-05-22|14:00|17:00,FULL
F204,ECE/EEE/INSTR F242,CONTROL SYSTEMS,28,28,433,11-05-22|14:00|17:00,FULL
F205,ECE/EEE/INSTR F242,CONTROL SYSTEMS,40,40,433,11-05-22|14:00|17:00,FULL
F207,ECE/EEE/INSTR F242,CONTROL SYSTEMS,55,55,433,11-05-22|14:00|17:00,FULL
F208,ECE/EEE/INSTR F242,CONTROL SYSTEMS,60,60,433,11-05-22|14:00|17:00,FULL
G208,ECE/EEE/INSTR F242,CONTROL SYSTEMS,40,23,433,11-05-22|14:00|17:00,FULL
F107,ECE/EEE/INSTR F243,SIGNALS & SYSTEMS,53,53,395,19-05-22|9:00|12:00,FULL
F108,ECE/EEE/INSTR F243,SIGNALS & SYSTEMS,54,54,395,19-05-22|9:00|12:00,FULL
F109,ECE/EEE/INSTR F243,SIGNALS & SYSTEMS,36,36,395,19-05-22|9:00|12:00,FULL
F201,ECE/EEE/INSTR F243,SIGNALS & SYSTEMS,28,28,395,19-05-22|9:00|12:00,FULL
F202,ECE/EEE/INSTR F243,SIGNALS & SYSTEMS,28,28,395,19-05-22|9:00|12:00,FULL
F203,ECE/EEE/INSTR F243,SIGNALS & SYSTEMS,28,28,395,19-05-22|9:00|12:00,FULL
F204,ECE/EEE/INSTR F243,SIGNALS & SYSTEMS,28,28,395,19-05-22|9:00|12:00,FULL
F205,ECE/EEE/INSTR F243,SIGNALS & SYSTEMS,40,40,395,19-05-22|9:00|12:00,FULL
F207,ECE/EEE/INSTR F243,SIGNALS & SYSTEMS,55,55,395,19-05-22|9:00|12:00,FULL
F208,ECE/EEE/INSTR F243,SIGNALS & SYSTEMS,60,45,395,19-05-22|9:00|12:00,FULL
F107,ECE/EEE/INSTR F244,MICROELECTRONIC CIRCUITS,53,53,395,17-05-22|14:00|17:00,FULL
F108,ECE/EEE/INSTR F244,MICROELECTRONIC CIRCUITS,54,54,395,17-05-22|14:00|17:00,FULL
F109,ECE/EEE/INSTR F244,MICROELECTRONIC CIRCUITS,36,36,395,17-05-22|14:00|17:00,FULL
F201,ECE/EEE/INSTR F244,MICROELECTRONIC CIRCUITS,28,28,395,17-05-22|14:00|17:00,FULL
F202,ECE/EEE/INSTR F244,MICROELECTRONIC CIRCUITS,28,28,395,17-05-22|14:00|17:00,FULL
F203,ECE/EEE/INSTR F244,MICROELECTRONIC CIRCUITS,28,28,395,17-05-22|14:00|17:00,FULL
F204,ECE/EEE/INSTR F244,MICROELECTRONIC CIRCUITS,28,28,395,17-05-22|14:00|17:00,FULL
F205,ECE/EEE/INSTR F244,MICROELECTRONIC CIRCUITS,40,40,395,17-05-22|14:00|17:00,FULL
F207,ECE/EEE/INSTR F244,MICROELECTRONIC CIRCUITS,55,55,395,17-05-22|14:00|17:00,FULL
F208,ECE/EEE/INSTR F244,MICROELECTRONIC CIRCUITS,60,45,395,17-05-22|14:00|17:00,FULL
F107,ECE/EEE/INSTR F341,ANALOG ELECTRONICS,53,53,395,12-05-22|14:00|17:00,FULL
F108,ECE/EEE/INSTR F341,ANALOG ELECTRONICS,54,54,395,12-05-22|14:00|17:00,FULL
F109,ECE/EEE/INSTR F341,ANALOG ELECTRONICS,36,36,395,12-05-22|14:00|17:00,FULL
F201,ECE/EEE/INSTR F341,ANALOG ELECTRONICS,28,28,395,12-05-22|14:00|17:00,FULL
F202,ECE/EEE/INSTR F341,ANALOG ELECTRONICS,28,28,395,12-05-22|14:00|17:00,FULL
F203,ECE/EEE/INSTR F341,ANALOG ELECTRONICS,28,28,395,12-05-22|14:00|17:00,FULL
F204,ECE/EEE/INSTR F341,ANALOG ELECTRONICS,28,28,395,12-05-22|14:00|17:00,FULL
F205,ECE/EEE/INSTR F341,ANALOG ELECTRONICS,40,40,395,12-05-22|14:00|17:00,FULL
F207,ECE/EEE/INSTR F341,ANALOG ELECTRONICS,55,55,395,12-05-22|14:00|17:00,FULL
F208,ECE/EEE/INSTR F341,ANALOG ELECTRONICS,60,45,395,12-05-22|14:00|17:00,FULL
G201,ECON F211,PRINCIPLES OF ECONOMICS,40,40,377,13-05-22|14:00|17:00,FULL
G202,ECON F211,PRINCIPLES OF ECONOMICS,37,37,377,13-05-22|14:00|17:00,FULL
G203,ECON F211,PRINCIPLES OF ECONOMICS,37,37,377,13-05-22|14:00|17:00,FULL
G204,ECON F211,PRINCIPLES OF ECONOMICS,37,37,377,13-05-22|14:00|17:00,FULL
G205,ECON F211,PRINCIPLES OF ECONOMICS,37,37,377,13-05-22|14:00|17:00,FULL
G206,ECON F211,PRINCIPLES OF ECONOMICS,37,37,377,13-05-22|14:00|17:00,FULL
G207,ECON F211,PRINCIPLES OF ECONOMICS,37,37,377,13-05-22|14:00|17:00,FULL
G208,ECON F211,PRINCIPLES OF ECONOMICS,42,42,377,13-05-22|14:00|17:00,FULL
G107,ECON F211,PRINCIPLES OF ECONOMICS,37,37,377,13-05-22|14:00|17:00,FULL
G108,ECON F211,PRINCIPLES OF ECONOMICS,37,36,377,13-05-22|14:00|17:00,FULL
G101,EEE/INSTR  F342,POWER ELECTRONICS,40,40,229,23-05-22|9:00|12:00,FULL
G104,EEE/INSTR  F342,POWER ELECTRONICS,37,37,229,23-05-22|9:00|12:00,FULL
G105,EEE/INSTR  F342,POWER ELECTRONICS,37,37,229,23-05-22|9:00|12:00,FULL
G106,EEE/INSTR  F342,POWER ELECTRONICS,37,37,229,23-05-22|9:00|12:00,FULL
G205,ECON F241,ECONOMETRIC METHODS,37,37,88,06-05-22|9:00|12:00,FULL
G206,ECON F241,ECONOMETRIC METHODS,37,37,88,06-05-22|9:00|12:00,FULL
G207,ECON F241,ECONOMETRIC METHODS,37,14,88,06-05-22|9:00|12:00,FULL
I112,ECON F242,MICROECONOMICS,28,25,85,17-05-22|14:00|17:00,FULL
I113,ECON F242,MICROECONOMICS,28,20,85,17-05-22|14:00|17:00,FULL
I114,ECON F242,MICROECONOMICS,28,20,85,17-05-22|14:00|17:00,FULL
I122,ECON F242,MICROECONOMICS,28,20,85,17-05-22|14:00|17:00,FULL
G201,ECON F243,MACROECONOMICS,42,30,86,11-05-22|14:00|17:00,FULL
G202,ECON F243,MACROECONOMICS,40,30,86,11-05-22|14:00|17:00,FULL
G203,ECON F243,MACROECONOMICS,37,26,86,11-05-22|14:00|17:00,FULL
I122,ECON F244,ECONOMIC OF GROWTH & DEV,28,28,80,19-05-22|9:00|12:00,FULL
I210,ECON F244,ECONOMIC OF GROWTH & DEV,28,28,80,19-05-22|9:00|12:00,FULL
I211,ECON F244,ECONOMIC OF GROWTH & DEV,28,24,80,19-05-22|9:00|12:00,FULL
G101,ECON F315/FIN F315,FINANCIAL MANAGEMENT,40,40,81,11-05-22|9:00|12:00,FULL
G208,ECON F341,PUBLIC FIN THEO & POLICY,37,30,90,18-05-22|14:00|17:00,FULL
G205,ECON F341,PUBLIC FIN THEO & POLICY,37,30,90,18-05-22|14:00|17:00,FULL
G206,ECON F341,PUBLIC FIN THEO & POLICY,37,30,90,18-05-22|14:00|17:00,FULL
G103,ECON F342,APPLIED ECONOMETRICS,42,32,92,09-05-22|9:00|12:00,FULL
G101,ECON F342,APPLIED ECONOMETRICS,40,30,92,09-05-22|9:00|12:00,FULL
G102,ECON F342,APPLIED ECONOMETRICS,37,30,92,09-05-22|9:00|12:00,FULL
G101,ECON F343,ECONOMIC ANAL OF PUB POL,42,35,97,21-05-22|9:00|12:00,FULL
G201,ECON F343,ECONOMIC ANAL OF PUB POL,40,35,97,21-05-22|9:00|12:00,FULL
G202,ECON F343,ECONOMIC ANAL OF PUB POL,37,27,97,21-05-22|9:00|12:00,FULL
I111,ECON F345,BEHAVIORAL ECONOMICS,28,20,59,12-05-22|14:00|17:00,FULL
I112,ECON F345,BEHAVIORAL ECONOMICS,28,20,59,12-05-22|14:00|17:00,FULL
I113,ECON F345,BEHAVIORAL ECONOMICS,28,19,59,12-05-22|14:00|17:00,FULL
F107,ECON F354/FIN F311,DERIVATIVES &  RISK MGMT,53,53,252,10-05-22|14:00|17:00,FULL
F108,ECON F354/FIN F311,DERIVATIVES &  RISK MGMT,54,54,252,10-05-22|14:00|17:00,FULL
F109,ECON F354/FIN F311,DERIVATIVES &  RISK MGMT,36,36,252,10-05-22|14:00|17:00,FULL
F201,ECON F354/FIN F311,DERIVATIVES &  RISK MGMT,28,28,252,10-05-22|14:00|17:00,FULL
F202,ECON F354/FIN F311,DERIVATIVES &  RISK MGMT,28,28,252,10-05-22|14:00|17:00,FULL
F203,ECON F354/FIN F311,DERIVATIVES &  RISK MGMT,28,28,252,10-05-22|14:00|17:00,FULL
F204,ECON F354/FIN F311,DERIVATIVES &  RISK MGMT,28,25,252,10-05-22|14:00|17:00,FULL
F204,ECON F355,BUSS ANAL & VALUATION,28,28,62,06-05-22|14:00|17:00,FULL
F205,ECON F355,BUSS ANAL & VALUATION,40,34,62,06-05-22|14:00|17:00,FULL
F208,ECON F411,PROJECT APPRAISAL,60,60,121,17-05-22|9:00|12:00,FULL
G101,ECON F411,PROJECT APPRAISAL,40,40,121,17-05-22|9:00|12:00,FULL
G102,ECON F411,PROJECT APPRAISAL,37,21,121,17-05-22|9:00|12:00,FULL
G201,ECON F412/FIN F313,SECUR ANAL & PORTFOL MGT,40,40,69,19-05-22|14:00|17:00,FULL
G202,ECON F412/FIN F313,SECUR ANAL & PORTFOL MGT,37,29,69,19-05-22|14:00|17:00,FULL
G204,ECON F416,REGIONAL ECONOMICS,40,9,9,11-05-22|9:00|12:00,FULL
G203,ECON F434,INTERNATIONAL BUSINESS,37,23,43,19-05-22|14:00|17:00,FULL
G204,ECON F434,INTERNATIONAL BUSINESS,37,20,43,19-05-22|14:00|17:00,FULL
G106,ECON F435,MARKETING RESEARCH,37,29,29,06-05-22|14:00|17:00,FULL
G201,EEE F312,POWER SYSTEMS,42,40,137,18-05-22|14:00|17:00,FULL
G202,EEE F312,POWER SYSTEMS,40,37,137,18-05-22|14:00|17:00,FULL
G203,EEE F312,POWER SYSTEMS,37,37,137,18-05-22|14:00|17:00,FULL
G204,EEE F312,POWER SYSTEMS,37,23,137,18-05-22|14:00|17:00,FULL
G102,EEE F411,INTERNET OF THINGS,37,37,95,11-05-22|9:00|12:00,FULL
G103,EEE F411,INTERNET OF THINGS,37,37,95,11-05-22|9:00|12:00,FULL
G104,EEE F411,INTERNET OF THINGS,37,21,95,11-05-22|9:00|12:00,FULL
F203,EEE F435,DIGITAL IMAGE PROCESSING,28,28,149,17-05-22|9:00|12:00,FULL
F204,EEE F435,DIGITAL IMAGE PROCESSING,28,28,149,17-05-22|9:00|12:00,FULL
F205,EEE F435,DIGITAL IMAGE PROCESSING,40,40,149,17-05-22|9:00|12:00,FULL
F207,EEE F435,DIGITAL IMAGE PROCESSING,55,53,149,17-05-22|9:00|12:00,FULL
I210,EEE F474,ANTENNA THEORY AND DESIGN,28,20,20,10-05-22|14:00|17:00,FULL
F109,EEE F477,MODELING OF FIELD-EFFECT NANO,36,11,11,07-05-22|14:00|17:00,FULL
F204,EEE G592,MOBILE PERSONAL COMMUNIC,28,17,17,07-05-22|9:00|12:00,FULL
F203,EEE G622,ADVANCED DIGITAL COMMUNI,28,17,17,12-05-22|9:00|12:00,FULL
F107,ECON F212,FUNDA OF FIN AND ACCOUNT,53,53,247,23-05-22|9:00|12:00,FULL
F108,ECON F212,FUNDA OF FIN AND ACCOUNT,54,54,247,23-05-22|9:00|12:00,FULL
F109,ECON F212,FUNDA OF FIN AND ACCOUNT,36,36,247,23-05-22|9:00|12:00,FULL
F106,ECON F212,FUNDA OF FIN AND ACCOUNT,48,48,247,23-05-22|9:00|12:00,FULL
F202,ECON F212,FUNDA OF FIN AND ACCOUNT,40,28,247,23-05-22|9:00|12:00,FULL
F201,ECON F212,FUNDA OF FIN AND ACCOUNT,28,28,247,23-05-22|9:00|12:00,FULL
G107,EEE/INSTR  F432,MEDICAL INSTRUMENTATION,37,21,21,06-05-22|14:00|17:00,FULL
F107,FIN F414,FINANCIAL RISK ANALYTICS & M,53,53,106,20-05-22|9:00|12:00,FULL
F108,FIN F414,FINANCIAL RISK ANALYTICS & M,54,53,106,20-05-22|9:00|12:00,FULL
I221,GS F211,MOD POLITICAL CONCEPTS,28,28,74,23-05-22|9:00|12:00,FULL
I222,GS F211,MOD POLITICAL CONCEPTS,28,28,74,23-05-22|9:00|12:00,FULL
J107,GS F211,MOD POLITICAL CONCEPTS,28,18,74,23-05-22|9:00|12:00,FULL
F208,GS F223,INTRO TO MASS COMM,60,60,99,21-05-22|9:00|12:00,FULL
G108,GS F223,INTRO TO MASS COMM,40,39,99,21-05-22|9:00|12:00,FULL
G104,GS F233,PUBLIC POLICY,37,5,5,14-05-22|9:00|12:00,FULL
G105,GS F241,CREATIVE WRITING,37,37,98,21-05-22|9:00|12:00,FULL
G106,GS F241,CREATIVE WRITING,37,37,98,21-05-22|9:00|12:00,FULL
G107,GS F241,CREATIVE WRITING,37,24,98,21-05-22|9:00|12:00,FULL
J217,GS F245,EFFECTIVE PUBLIC SPEAK,42,24,99,18-05-22|14:00|17:00,FULL
J218,GS F245,EFFECTIVE PUBLIC SPEAK,28,24,99,18-05-22|14:00|17:00,FULL
J219,GS F245,EFFECTIVE PUBLIC SPEAK,28,24,99,18-05-22|14:00|17:00,FULL
J220,GS F245,EFFECTIVE PUBLIC SPEAK,28,26,99,18-05-22|14:00|17:00,FULL
G101,GS F312,APPLIED PHILOSOPHY,40,29,29,19-05-22|14:00|17:00,FULL
G107,GS F333,PUBLIC ADMINISTRATION,37,37,95,10-05-22|14:00|17:00,FULL
G108,GS F333,PUBLIC ADMINISTRATION,42,42,95,10-05-22|14:00|17:00,FULL
G201,GS F333,PUBLIC ADMINISTRATION,40,16,95,10-05-22|14:00|17:00,FULL
F205,HSS F222,LINGUISTICS,40,40,97,09-05-22|14:00|17:00,FULL
F208,HSS F222,LINGUISTICS,60,57,97,09-05-22|14:00|17:00,FULL
G205,HSS F237,CONTEMPORARY INDIAN ENGLISH FI,40,37,98,10-05-22|14:00|17:00,FULL
G206,HSS F237,CONTEMPORARY INDIAN ENGLISH FI,37,37,98,10-05-22|14:00|17:00,FULL
G207,HSS F237,CONTEMPORARY INDIAN ENGLISH FI,37,24,98,10-05-22|14:00|17:00,FULL
F107,HSS F243,INTRODUCTION TO CRITICAL PEDAG,53,53,98,20-05-22|14:00|17:00,FULL
F108,HSS F243,INTRODUCTION TO CRITICAL PEDAG,54,45,98,20-05-22|14:00|17:00,FULL
F207,HSS F246,PHILOSOPHY OF NAGARJUNA,37,40,40,09-05-22|14:00|17:00,FULL
G103,BITS F399,HUM THEO OF SC & TECH,37,30,95,09-05-22|14:00|17:00,FULL
G206,HSS F316,POP LITER & CULT S ASIA,37,37,98,23-05-22|9:00|12:00,FULL
G207,HSS F316,POP LITER & CULT S ASIA,37,37,98,23-05-22|9:00|12:00,FULL
G208,HSS F316,POP LITER & CULT S ASIA,42,24,98,23-05-22|9:00|12:00,FULL
I114,HSS F334,SRIMAD BHAGAVAD GITA,28,28,98,18-05-22|14:00|17:00,FULL
I122,HSS F334,SRIMAD BHAGAVAD GITA,28,28,98,18-05-22|14:00|17:00,FULL
I210,HSS F334,SRIMAD BHAGAVAD GITA,28,28,98,18-05-22|14:00|17:00,FULL
I211,HSS F334,SRIMAD BHAGAVAD GITA,28,14,98,18-05-22|14:00|17:00,FULL
I114,HSS F337,ENGLISH LITERARY FORMS & MOV.,28,28,79,23-05-22|9:00|12:00,FULL
I122,HSS F337,ENGLISH LITERARY FORMS & MOV.,28,28,79,23-05-22|9:00|12:00,FULL
I210,HSS F337,ENGLISH LITERARY FORMS & MOV.,28,23,79,23-05-22|9:00|12:00,FULL
G104,HSS F338,COMPARATIVE INDIAN LIT,37,37,97,10-05-22|14:00|17:00,FULL
G105,HSS F338,COMPARATIVE INDIAN LIT,37,37,97,10-05-22|14:00|17:00,FULL
G106,HSS F338,COMPARATIVE INDIAN LIT,37,23,97,10-05-22|14:00|17:00,FULL
F204,HSS F340,POST COLONIAL LITERATURE,28,26,98,09-05-22|14:00|17:00,FULL
F201,HSS F340,POST COLONIAL LITERATURE,28,24,98,09-05-22|14:00|17:00,FULL
F202,HSS F340,POST COLONIAL LITERATURE,28,24,98,09-05-22|14:00|17:00,FULL
F203,HSS F340,POST COLONIAL LITERATURE,28,24,98,09-05-22|14:00|17:00,FULL
F109,HSS F342,ADV COMMUNICATIVE ENG,36,36,97,20-05-22|14:00|17:00,FULL
F201,HSS F342,ADV COMMUNICATIVE ENG,28,28,97,20-05-22|14:00|17:00,FULL
F202,HSS F342,ADV COMMUNICATIVE ENG,28,17,97,20-05-22|14:00|17:00,FULL
F203,HSS F342,ADV COMMUNICATIVE ENG,28,16,97,20-05-22|14:00|17:00,FULL
F107,HSS F346,INTERNATIONAL RELATIONS,53,53,98,09-05-22|14:00|17:00,FULL
F108,HSS F346,INTERNATIONAL RELATIONS,54,45,98,09-05-22|14:00|17:00,FULL
G102,HSS F361,URBAN POLICY AND GOVERNANCE,37,30,87,19-05-22|14:00|17:00,FULL
G103,HSS F361,URBAN POLICY AND GOVERNANCE,37,30,87,19-05-22|14:00|17:00,FULL
G104,HSS F361,URBAN POLICY AND GOVERNANCE,37,27,87,19-05-22|14:00|17:00,FULL
G203,HSS F363,DISASTER AND DEVELOPMENT,37,37,99,23-05-22|9:00|12:00,FULL
G204,HSS F363,DISASTER AND DEVELOPMENT,37,37,99,23-05-22|9:00|12:00,FULL
G205,HSS F363,DISASTER AND DEVELOPMENT,37,25,99,23-05-22|9:00|12:00,FULL
F204,HSS F365,SCIENCE OF SUSTAINABLE HAPPINE,28,28,102,21-05-22|9:00|12:00,FULL
F205,HSS F365,SCIENCE OF SUSTAINABLE HAPPINE,40,40,102,21-05-22|9:00|12:00,FULL
F207,HSS F365,SCIENCE OF SUSTAINABLE HAPPINE,55,34,102,21-05-22|9:00|12:00,FULL
G102,HSS F369,CASTE AND GENDER IN INDIA,37,37,98,21-05-22|9:00|12:00,FULL
G103,HSS F369,CASTE AND GENDER IN INDIA,37,37,98,21-05-22|9:00|12:00,FULL
G104,HSS F369,CASTE AND GENDER IN INDIA,37,24,98,21-05-22|9:00|12:00,FULL
I212,INSTR F343,INDUS INSTRUMENT & CONT,28,28,94,18-05-22|14:00|17:00,FULL
I213,INSTR F343,INDUS INSTRUMENT & CONT,28,28,94,18-05-22|14:00|17:00,FULL
I221,INSTR F343,INDUS INSTRUMENT & CONT,28,28,94,18-05-22|14:00|17:00,FULL
I222,INSTR F343,INDUS INSTRUMENT & CONT,28,10,94,18-05-22|14:00|17:00,FULL
G105,IS F341,SOFTWARE ENGINEERING,37,37,87,11-05-22|9:00|12:00,FULL
G106,IS F341,SOFTWARE ENGINEERING,37,37,87,11-05-22|9:00|12:00,FULL
G107,IS F341,SOFTWARE ENGINEERING,37,13,87,11-05-22|9:00|12:00,FULL
F107,MATH F113,PROBABILITY & STATISTICS,53,50,50,08-05-22|9:00|12:00,FULL
F107,MATH F213,DISCRETE MATHEMATICS,53,53,200,21-05-22|9:00|12:00,FULL
F108,MATH F213,DISCRETE MATHEMATICS,54,54,200,21-05-22|9:00|12:00,FULL
F109,MATH F213,DISCRETE MATHEMATICS,36,36,200,21-05-22|9:00|12:00,FULL
F201,MATH F213,DISCRETE MATHEMATICS,28,20,200,21-05-22|9:00|12:00,FULL
F202,MATH F213,DISCRETE MATHEMATICS,28,20,200,21-05-22|9:00|12:00,FULL
F203,MATH F213,DISCRETE MATHEMATICS,28,17,200,21-05-22|9:00|12:00,FULL
G101,MATH F231,NUMBER THEORY,37,40,75,10-05-22|14:00|17:00,FULL
G102,MATH F231,NUMBER THEORY,37,35,75,10-05-22|14:00|17:00,FULL
I112,MATH F241,MATHEMATICAL METHODS,28,28,81,19-05-22|9:00|12:00,FULL
I113,MATH F241,MATHEMATICAL METHODS,28,28,81,19-05-22|9:00|12:00,FULL
I114,MATH F241,MATHEMATICAL METHODS,28,25,81,19-05-22|9:00|12:00,FULL
I113,MATH F242,OPERATIONS RESEARCH,28,28,80,06-05-22|9:00|12:00,FULL
I114,MATH F242,OPERATIONS RESEARCH,28,28,80,06-05-22|9:00|12:00,FULL
I122,MATH F242,OPERATIONS RESEARCH,28,24,80,06-05-22|9:00|12:00,FULL
G207,MATH F243,GRAPHS AND NETWORKS,37,30,86,17-05-22|14:00|17:00,FULL
G208,MATH F243,GRAPHS AND NETWORKS,42,30,86,17-05-22|14:00|17:00,FULL
G107,MATH F243,GRAPHS AND NETWORKS,28,26,86,17-05-22|14:00|17:00,FULL
G205,MATH F244,MEASURE & INTEGRATION,37,30,81,11-05-22|14:00|17:00,FULL
G206,MATH F244,MEASURE & INTEGRATION,37,30,81,11-05-22|14:00|17:00,FULL
G207,MATH F244,MEASURE & INTEGRATION,42,21,81,11-05-22|14:00|17:00,FULL
I210,MATH F314,ALGEBRA II,28,16,16,12-05-22|14:00|17:00,FULL
G203,MATH F341,INTRO TO FUNCTIONAL ANAL,37,35,71,14-05-22|9:00|12:00,FULL
G204,MATH F341,INTRO TO FUNCTIONAL ANAL,37,36,71,14-05-22|9:00|12:00,FULL
G203,MATH F342,DIFFERENTIAL GEOMETRY,37,37,71,21-05-22|9:00|12:00,FULL
G204,MATH F342,DIFFERENTIAL GEOMETRY,37,34,71,21-05-22|9:00|12:00,FULL
G203,MATH F343,PARTIAL DIFF EQUATIONS,37,37,72,09-05-22|9:00|12:00,FULL
G204,MATH F343,PARTIAL DIFF EQUATIONS,37,35,72,09-05-22|9:00|12:00,FULL
I112,MATH F353,STATISTICAL INFER & APP,28,9,9,17-05-22|9:00|12:00,FULL
G208,MATH F420,MATHEMATICAL MODELING,42,12,12,17-05-22|9:00|12:00,FULL
G206,MATH F421,COMBINATORIAL MATHS,37,31,31,19-05-22|14:00|17:00,FULL
G206,MATH F422,NUM MTHD FOR PARTIAL DIFF EQ,37,9,9,11-05-22|9:00|12:00,FULL
G203,MATH F456,COSMOLOGY,37,22,22,11-05-22|9:00|12:00,FULL
G204,MATH F471,NONLINEAR OPTIMIZATION,37,11,11,06-05-22|14:00|17:00,FULL
G101,ME F218,ADVANCED MECHANICS OF SOLIDS,37,40,192,11-05-22|14:00|17:00,FULL
G105,ME F218,ADVANCED MECHANICS OF SOLIDS,37,37,192,11-05-22|14:00|17:00,FULL
G106,ME F218,ADVANCED MECHANICS OF SOLIDS,37,37,192,11-05-22|14:00|17:00,FULL
G107,ME F218,ADVANCED MECHANICS OF SOLIDS,37,37,192,11-05-22|14:00|17:00,FULL
G108,ME F218,ADVANCED MECHANICS OF SOLIDS,37,41,192,11-05-22|14:00|17:00,FULL
G108,ME F219,MANUFACTURING PROCESSES,42,42,192,06-05-22|9:00|12:00,FULL
G201,ME F219,MANUFACTURING PROCESSES,40,40,192,06-05-22|9:00|12:00,FULL
G202,ME F219,MANUFACTURING PROCESSES,37,37,192,06-05-22|9:00|12:00,FULL
G203,ME F219,MANUFACTURING PROCESSES,37,37,192,06-05-22|9:00|12:00,FULL
G208,ME F219,MANUFACTURING PROCESSES,42,36,192,06-05-22|9:00|12:00,FULL
G201,ME F220,HEAT TRANSFER,40,40,192,17-05-22|14:00|17:00,FULL
G202,ME F220,HEAT TRANSFER,37,37,192,17-05-22|14:00|17:00,FULL
G203,ME F220,HEAT TRANSFER,37,37,192,17-05-22|14:00|17:00,FULL
G204,ME F220,HEAT TRANSFER,37,37,192,17-05-22|14:00|17:00,FULL
G205,ME F220,HEAT TRANSFER,37,21,192,17-05-22|14:00|17:00,FULL
G206,ME F220,HEAT TRANSFER,37,20,192,17-05-22|14:00|17:00,FULL
G201,ME F221,MECHANISMS AND MACHINES,40,40,192,19-05-22|9:00|12:00,FULL
G202,ME F221,MECHANISMS AND MACHINES,37,37,192,19-05-22|9:00|12:00,FULL
G203,ME F221,MECHANISMS AND MACHINES,37,37,192,19-05-22|9:00|12:00,FULL
G204,ME F221,MECHANISMS AND MACHINES,37,37,192,19-05-22|9:00|12:00,FULL
G208,ME F221,MECHANISMS AND MACHINES,42,41,192,19-05-22|9:00|12:00,FULL
J119,ME F241,MACHINE DESIGN & DRAWING,28,2,2,11-05-22|14:00|17:00,FULL
F205,ME F318,COMPUTER-AIDED DESIGN,40,40,200,18-05-22|14:00|17:00,FULL
F207,ME F318,COMPUTER-AIDED DESIGN,55,55,200,18-05-22|14:00|17:00,FULL
F208,ME F318,COMPUTER-AIDED DESIGN,60,60,200,18-05-22|14:00|17:00,FULL
G101,ME F318,COMPUTER-AIDED DESIGN,40,40,200,18-05-22|14:00|17:00,FULL
G102,ME F318,COMPUTER-AIDED DESIGN,37,5,200,18-05-22|14:00|17:00,FULL
F204,ME F319,VIBRATIONS AND CONTROL,28,28,199,23-05-22|9:00|12:00,FULL
F207,ME F319,VIBRATIONS AND CONTROL,55,55,199,23-05-22|9:00|12:00,FULL
F208,ME F319,VIBRATIONS AND CONTROL,60,60,199,23-05-22|9:00|12:00,FULL
F203,ME F319,VIBRATIONS AND CONTROL,40,28,199,23-05-22|9:00|12:00,FULL
F205,ME F319,VIBRATIONS AND CONTROL,40,28,199,23-05-22|9:00|12:00,FULL
G108,ME F320,ENGINEERING OPTIMIZATION,42,42,199,12-05-22|14:00|17:00,FULL
G201,ME F320,ENGINEERING OPTIMIZATION,40,40,199,12-05-22|14:00|17:00,FULL
G202,ME F320,ENGINEERING OPTIMIZATION,37,37,199,12-05-22|14:00|17:00,FULL
G203,ME F320,ENGINEERING OPTIMIZATION,37,37,199,12-05-22|14:00|17:00,FULL
G204,ME F320,ENGINEERING OPTIMIZATION,37,37,199,12-05-22|14:00|17:00,FULL
G205,ME F320,ENGINEERING OPTIMIZATION,37,6,199,12-05-22|14:00|17:00,FULL
F205,ME F341,PRIMEMOVERS & FLUID MACH,40,40,201,09-05-22|9:00|12:00,FULL
F207,ME F341,PRIMEMOVERS & FLUID MACH,55,50,201,09-05-22|9:00|12:00,FULL
F208,ME F341,PRIMEMOVERS & FLUID MACH,60,50,201,09-05-22|9:00|12:00,FULL
G207,ME F341,PRIMEMOVERS & FLUID MACH,40,40,201,09-05-22|9:00|12:00,FULL
G208,ME F341,PRIMEMOVERS & FLUID MACH,37,21,201,09-05-22|9:00|12:00,FULL
G203,ME F423,MICRO-FLUIDICS & ITS APP,37,14,14,06-05-22|14:00|17:00,FULL
G107,ME F424,ENERGY MANAGEMENT,37,30,52,19-05-22|14:00|17:00,FULL
G108,ME F424,ENERGY MANAGEMENT,42,22,52,19-05-22|14:00|17:00,FULL
G201,ME F484,AUTOMOTIVE TECHNOLOGY,42,33,63,11-05-22|9:00|12:00,FULL
G202,ME F484,AUTOMOTIVE TECHNOLOGY,40,30,63,11-05-22|9:00|12:00,FULL
I113,ME G512,FINITE ELEMENT METHOD,28,8,8,17-05-22|9:00|12:00,FULL
G201,ME G515,COMPUT FLUID DYNAMICS,40,27,27,17-05-22|9:00|12:00,FULL
I212,ME G539,COMP INTEGRATED MANUFAC,28,9,9,10-05-22|14:00|17:00,FULL
F108,ME G611,COMP AIDED ANAL & DESIGN,54,46,46,10-05-22|9:00|12:00,FULL
F205,ME G631,ADVANCED HEAT TRANSFER,40,7,7,20-05-22|9:00|12:00,FULL
F208,MEL G623,ADVANCED VLSI DESIGN,60,57,57,12-05-22|9:00|12:00,FULL
F109,MEL G632,ANALOG IC DESIGN,36,34,34,07-05-22|9:00|12:00,FULL
F109,MEL G641,CAD FOR IC DESIGN,36,34,34,10-05-22|9:00|12:00,FULL
G101,MEL G642,VLSI ARCHITECTURE,40,31,31,14-05-22|9:00|12:00,FULL
G201,MF F311,MECHATRONICS & AUTOMAT,40,17,17,06-05-22|14:00|17:00,FULL
D208,MF F421,SUPPLY CHAIN MANAGEMENT,80,80,80,10-05-22|14:00|17:00,FULL
G105,MF F485,SUSTAINABLE MANUFACTURING,37,37,53,19-05-22|14:00|17:00,FULL
G106,MF F485,SUSTAINABLE MANUFACTURING,37,16,53,19-05-22|14:00|17:00,FULL
I111,MGTS F211,PRINCIPLES OF MANAGEMENT,28,28,143,13-05-22|14:00|17:00,FULL
I112,MGTS F211,PRINCIPLES OF MANAGEMENT,28,28,143,13-05-22|14:00|17:00,FULL
I113,MGTS F211,PRINCIPLES OF MANAGEMENT,28,28,143,13-05-22|14:00|17:00,FULL
I114,MGTS F211,PRINCIPLES OF MANAGEMENT,28,28,143,13-05-22|14:00|17:00,FULL
F204,MSE G512,MANUFACT PLANNING & CONT,28,9,9,20-05-22|9:00|12:00,FULL
F207,MSE G531,CONCURRENT ENGINEERING,55,9,9,12-05-22|9:00|12:00,FULL
I211,MST F332,MATERIALS PROCESSING,28,7,7,19-05-22|14:00|17:00,FULL
F203,MST G522,ADVANCED COMPOSITES,28,11,11,20-05-22|9:00|12:00,FULL
J214,PHA F241,PHARMACEUTICAL CHEMISTRY,28,28,38,19-05-22|9:00|12:00,FULL
J217,PHA F241,PHARMACEUTICAL CHEMISTRY,28,10,38,19-05-22|9:00|12:00,FULL
J115,PHA F242,BIOLOGICAL CHEMISTRY,28,28,38,11-05-22|14:00|17:00,FULL
J107,PHA F242,BIOLOGICAL CHEMISTRY,28,10,38,11-05-22|14:00|17:00,FULL
J119,PHA F313,INSTRU METHODS OF ANAL,28,28,38,17-05-22|14:00|17:00,FULL
J120,PHA F313,INSTRU METHODS OF ANAL,28,10,38,17-05-22|14:00|17:00,FULL
G201,PHA F341,PHARMACOLOGY II,37,27,47,09-05-22|9:00|12:00,FULL
G202,PHA F341,PHARMACOLOGY II,42,20,47,09-05-22|9:00|12:00,FULL
I114,PHA F342,MEDICINAL CHEMISTRY II,28,28,45,12-05-22|14:00|17:00,FULL
I122,PHA F342,MEDICINAL CHEMISTRY II,28,17,45,12-05-22|14:00|17:00,FULL
I111,PHA F343,FORENSIC PHARMACY,28,28,45,18-05-22|14:00|17:00,FULL
I112,PHA F343,FORENSIC PHARMACY,28,17,45,18-05-22|14:00|17:00,FULL
J121,PHA F344,NATURAL DRUGS,28,28,48,23-05-22|9:00|12:00,FULL
J206,PHA F344,NATURAL DRUGS,28,20,48,23-05-22|9:00|12:00,FULL
G208,PHA F413,PHARMA MANG & QUAL CONTR,42,25,25,19-05-22|14:00|17:00,FULL
G105,PHA F414,BIOPHARMACEUTICS,37,33,33,06-05-22|14:00|17:00,FULL
G204,PHA F417,PHARMACOECONOMICS,37,19,19,17-05-22|9:00|12:00,FULL
F203,PHA G532,Q A & REGULATORY AFFAIRS,28,24,24,07-05-22|9:00|12:00,FULL
I211,PHA G543,CLINICAL RESEARCH,28,14,14,10-05-22|14:00|17:00,FULL
F202,PHA G546,PHARMACEUTICAL BIO STATISTICS,28,23,23,12-05-22|9:00|12:00,FULL
F108,PHA G613,PHARMACEUTICAL BIOTECH,54,10,10,18-05-22|9:00|12:00,FULL
F109,PHA G632,DOSAGE FORM DESIGN,36,23,23,20-05-22|9:00|12:00,FULL
J206,PHY F241,ELECTROMAGNETIC THEO II,42,28,82,06-05-22|9:00|12:00,FULL
J214,PHY F241,ELECTROMAGNETIC THEO II,28,28,82,06-05-22|9:00|12:00,FULL
J217,PHY F241,ELECTROMAGNETIC THEO II,28,28,82,06-05-22|9:00|12:00,FULL
G102,PHY F242,QUANTUM MECHANICS I,37,30,82,11-05-22|14:00|17:00,FULL
G103,PHY F242,QUANTUM MECHANICS I,37,30,82,11-05-22|14:00|17:00,FULL
G104,PHY F242,QUANTUM MECHANICS I,37,22,82,11-05-22|14:00|17:00,FULL
G205,PHY F243,MATH METHOD OF PHYSICS,37,30,82,19-05-22|9:00|12:00,FULL
G206,PHY F243,MATH METHOD OF PHYSICS,42,30,82,19-05-22|9:00|12:00,FULL
G207,PHY F243,MATH METHOD OF PHYSICS,28,22,82,19-05-22|9:00|12:00,FULL
J115,PHY F315,THEORY OF RELATIVITY,28,28,70,23-05-22|9:00|12:00,FULL
J119,PHY F315,THEORY OF RELATIVITY,28,28,70,23-05-22|9:00|12:00,FULL
J120,PHY F315,THEORY OF RELATIVITY,28,14,70,23-05-22|9:00|12:00,FULL
G205,PHY F341,SOLID STATE PHYSICS,37,37,68,21-05-22|9:00|12:00,FULL
G206,PHY F341,SOLID STATE PHYSICS,37,31,68,21-05-22|9:00|12:00,FULL
G102,PHY F342,ATOMIC & MOLECULAR PHY,37,34,68,14-05-22|9:00|12:00,FULL
G103,PHY F342,ATOMIC & MOLECULAR PHY,37,34,68,14-05-22|9:00|12:00,FULL
G205,PHY F343,NUCLEAR & PARTICLE PHY,37,37,67,09-05-22|9:00|12:00,FULL
G206,PHY F343,NUCLEAR & PARTICLE PHY,37,30,67,09-05-22|9:00|12:00,FULL
G103,PHY F379,THIN FILM TECHNOLOGY,37,37,80,17-05-22|9:00|12:00,FULL
G104,PHY F379,THIN FILM TECHNOLOGY,37,37,80,17-05-22|9:00|12:00,FULL
G105,PHY F379,THIN FILM TECHNOLOGY,37,6,80,17-05-22|9:00|12:00,FULL
G205,PHY F412,INTRO TO QUAN FIELD THEO,37,6,6,06-05-22|14:00|17:00,FULL
I114,PHY F420,QUANTUM OPTICS,28,12,12,19-05-22|14:00|17:00,FULL
G207,PHY F431,GEOMETRICAL METHODS IN,37,12,12,17-05-22|9:00|12:00,FULL
I221,MGTS F211,PRINCIPLES OF MANAGEMENT,28,28,143,13-05-22|14:00|17:00,FULL
G108,ECON F315/FIN F315,FINANCIAL MANAGEMENT,40,42,82,11-05-22|9:00|12:00,FULL
G107,EEE/INSTR  F342,POWER ELECTRONICS,37,37,229,23-05-22|9:00|12:00,FULL
G108,EEE/INSTR  F342,POWER ELECTRONICS,37,41,229,23-05-22|9:00|12:00,FULL
